age,job,marital,education,default,balance,housing,loan,contact,day,month,duration,campaign,previous,poutcome,was_previously_contacted,pdays_clean,y_true,y_pred,prob_yes,correct
49,unknown,married,primary,no,341,yes,yes,unknown,15,may,520,2,0,unknown,0,0,1,0,0.0005272451,0
23,unemployed,single,primary,no,1003,no,no,telephone,27,nov,8,1,0,unknown,0,0,1,0,0.00078604405,0
47,blue-collar,married,secondary,no,182,yes,no,telephone,10,jul,39,1,0,unknown,0,0,1,0,0.0010750637,0
34,technician,married,tertiary,no,197,no,no,cellular,20,aug,78,3,0,unknown,0,0,1,0,0.0011064422,0
53,admin.,single,secondary,no,654,no,no,unknown,10,jul,67,1,0,unknown,0,0,1,0,0.0012272944,0
38,entrepreneur,divorced,secondary,no,1190,yes,no,cellular,4,jun,81,2,3,failure,1,391,1,0,0.001633412,0
40,admin.,married,tertiary,no,764,yes,no,unknown,17,nov,85,1,0,unknown,0,0,1,0,0.002187292,0
45,management,married,tertiary,no,2671,no,no,cellular,14,aug,94,4,0,unknown,0,0,1,0,0.0028743583,0
60,retired,married,secondary,no,18967,yes,no,cellular,29,jan,177,2,0,unknown,0,0,1,0,0.0029010987,0
34,services,single,secondary,no,2,yes,no,cellular,15,may,153,2,0,unknown,0,0,1,0,0.0047746757,0
55,blue-collar,married,secondary,no,196,no,no,cellular,21,aug,81,1,0,unknown,0,0,1,0,0.005379949,0
48,housemaid,single,primary,no,46,no,no,cellular,3,aug,113,2,1,failure,1,180,1,0,0.0078886775,0
58,retired,married,primary,no,1241,no,no,cellular,18,aug,194,2,0,unknown,0,0,1,0,0.010542541,0
31,management,divorced,tertiary,no,414,no,yes,cellular,16,jul,241,1,0,unknown,0,0,1,0,0.010804326,0
27,technician,married,secondary,no,-392,yes,no,cellular,23,jul,228,2,0,unknown,0,0,1,0,0.011671223,0
41,technician,married,tertiary,no,1517,no,no,cellular,8,aug,193,3,0,unknown,0,0,1,0,0.012523867,0
62,unemployed,married,secondary,no,780,no,no,cellular,28,aug,162,2,0,unknown,0,0,1,0,0.015513783,0
56,services,single,secondary,no,-40,yes,no,cellular,15,may,311,1,2,failure,1,368,1,0,0.015652476,0
45,blue-collar,married,primary,no,101,yes,no,unknown,12,may,460,5,0,unknown,0,0,1,0,0.015996607,0
49,admin.,married,secondary,no,3608,yes,no,unknown,13,nov,231,1,0,unknown,0,0,1,0,0.016403047,0
45,entrepreneur,divorced,tertiary,no,-395,yes,no,unknown,13,may,470,1,0,unknown,0,0,1,0,0.017142817,0
36,blue-collar,married,secondary,no,1772,no,no,unknown,5,jun,208,1,0,unknown,0,0,1,0,0.01928082,0
35,blue-collar,married,secondary,no,1055,no,no,unknown,18,nov,150,2,0,unknown,0,0,1,0,0.019754032,0
28,admin.,divorced,secondary,no,785,yes,no,unknown,8,may,442,2,0,unknown,0,0,1,0,0.021061676,0
47,blue-collar,married,unknown,yes,162,no,no,cellular,25,aug,366,3,0,unknown,0,0,1,0,0.021212291,0
36,services,single,unknown,no,281,yes,no,unknown,16,may,515,1,0,unknown,0,0,1,0,0.021557637,0
31,entrepreneur,single,secondary,no,0,no,no,telephone,13,nov,160,1,0,unknown,0,0,1,0,0.021741325,0
55,services,married,secondary,no,2476,yes,no,unknown,5,may,579,1,0,unknown,0,0,1,0,0.02280499,0
60,management,married,secondary,no,544,no,no,cellular,12,jun,95,7,2,failure,1,357,1,0,0.02282292,0
48,management,divorced,tertiary,no,17964,yes,no,cellular,26,may,208,2,3,other,1,96,1,0,0.025876492,0
52,technician,married,secondary,no,137,no,no,cellular,6,jul,227,2,0,unknown,0,0,1,0,0.026621304,0
35,management,single,tertiary,no,18111,no,no,cellular,14,aug,172,4,0,unknown,0,0,1,0,0.027000077,0
26,technician,single,tertiary,no,401,no,no,cellular,5,may,188,2,0,unknown,0,0,1,0,0.027212808,0
33,admin.,married,secondary,no,920,no,no,cellular,16,nov,130,1,2,failure,1,95,1,0,0.0340798,0
60,self-employed,married,tertiary,no,10861,no,no,cellular,9,nov,98,1,2,failure,1,91,1,0,0.034498934,0
39,blue-collar,single,tertiary,no,172,yes,no,cellular,9,feb,125,2,2,failure,1,183,1,0,0.034703206,0
41,admin.,married,primary,no,-306,yes,no,unknown,15,may,500,1,0,unknown,0,0,1,0,0.037588116,0
29,admin.,single,secondary,no,1027,yes,no,cellular,2,feb,177,1,0,unknown,0,0,1,0,0.038014706,0
46,unemployed,single,tertiary,no,44,no,no,cellular,14,aug,225,1,0,unknown,0,0,1,0,0.0394779,0
30,blue-collar,married,secondary,no,167,yes,no,cellular,10,jul,255,1,0,unknown,0,0,1,0,0.03979971,0
38,management,married,tertiary,no,119,yes,no,unknown,13,may,568,4,0,unknown,0,0,1,0,0.042327095,0
56,management,married,primary,no,870,no,no,cellular,16,nov,257,1,0,unknown,0,0,1,0,0.043024365,0
49,technician,married,tertiary,no,1235,no,no,cellular,13,aug,354,3,0,unknown,0,0,1,0,0.043271206,0
35,management,single,tertiary,no,1756,no,no,cellular,20,aug,195,1,0,unknown,0,0,1,0,0.04554953,0
53,management,divorced,tertiary,no,2679,no,no,cellular,20,nov,295,3,0,unknown,0,0,1,0,0.045775693,0
30,self-employed,single,tertiary,no,432,yes,no,cellular,2,feb,402,1,0,unknown,0,0,1,0,0.047563307,0
53,blue-collar,married,primary,yes,-462,no,no,cellular,29,jan,470,1,0,unknown,0,0,1,0,0.049999945,0
25,technician,single,tertiary,no,1231,no,no,cellular,31,aug,271,2,0,unknown,0,0,1,0,0.05055587,0
40,technician,single,tertiary,no,1646,yes,no,cellular,2,feb,215,1,2,failure,1,242,1,0,0.051976107,0
38,entrepreneur,single,secondary,no,2543,no,no,cellular,10,aug,223,1,4,failure,1,414,1,0,0.052567966,0
37,blue-collar,married,unknown,no,1508,no,yes,unknown,6,jun,381,2,0,unknown,0,0,1,0,0.052709617,0
46,technician,married,secondary,no,2149,yes,no,cellular,15,apr,282,2,0,unknown,0,0,1,0,0.05403095,0
34,technician,married,secondary,no,390,yes,no,cellular,27,mar,95,2,2,failure,1,231,1,0,0.056733105,0
35,admin.,married,secondary,no,898,yes,no,cellular,9,apr,214,1,0,unknown,0,0,1,0,0.0572529,0
27,blue-collar,married,primary,no,-413,no,yes,unknown,27,jun,422,6,0,unknown,0,0,1,0,0.05929975,0
33,technician,single,tertiary,no,258,no,no,cellular,12,mar,80,4,0,unknown,0,0,1,0,0.06018731,0
55,technician,divorced,tertiary,no,0,no,no,cellular,18,aug,237,1,0,unknown,0,0,1,0,0.060608104,0
30,management,married,tertiary,no,1942,yes,yes,cellular,21,nov,436,2,3,other,1,178,1,0,0.062784865,0
34,blue-collar,married,secondary,no,496,yes,no,cellular,13,may,333,1,0,unknown,0,0,1,0,0.063293055,0
29,technician,married,secondary,no,1180,yes,no,cellular,17,apr,367,3,3,failure,1,323,1,0,0.06422567,0
30,student,single,tertiary,no,228,yes,no,cellular,13,may,314,2,0,unknown,0,0,1,0,0.0650604,0
47,unemployed,married,primary,no,324,no,no,cellular,21,nov,462,2,0,unknown,0,0,1,0,0.06838079,0
46,management,married,unknown,no,2466,no,no,telephone,1,apr,216,3,1,failure,1,370,1,0,0.06868437,0
37,entrepreneur,single,secondary,no,-22,yes,no,cellular,15,may,317,1,0,unknown,0,0,1,0,0.06971457,0
43,management,married,tertiary,no,2640,no,no,cellular,21,nov,314,4,0,unknown,0,0,1,0,0.06979229,0
77,unknown,married,unknown,no,397,no,no,telephone,7,may,300,3,0,unknown,0,0,1,0,0.07228953,0
31,technician,single,tertiary,no,252,no,no,cellular,8,jun,107,3,0,unknown,0,0,1,0,0.07229645,0
28,management,married,secondary,no,292,yes,no,unknown,28,may,507,1,0,unknown,0,0,1,0,0.07483095,0
32,technician,single,tertiary,no,550,no,no,cellular,19,nov,337,1,0,unknown,0,0,1,0,0.07579252,0
34,admin.,married,secondary,no,0,yes,no,cellular,10,feb,97,1,1,failure,1,85,1,0,0.0765816,0
59,services,divorced,secondary,no,1,yes,no,cellular,28,jan,602,1,5,other,1,253,1,0,0.07707812,0
50,blue-collar,married,primary,no,4979,no,no,telephone,6,apr,180,1,0,unknown,0,0,1,0,0.07798782,0
31,management,single,secondary,no,202,yes,no,cellular,8,jul,167,1,1,failure,1,62,1,0,0.07834901,0
54,admin.,married,secondary,no,66,yes,no,cellular,11,nov,167,1,0,unknown,0,0,1,0,0.079625174,0
26,management,single,tertiary,no,828,yes,no,cellular,17,aug,156,1,1,failure,1,199,1,0,0.08191309,0
24,blue-collar,single,secondary,no,9883,no,no,cellular,8,jul,210,5,0,unknown,0,0,1,0,0.08337731,0
33,management,married,tertiary,no,22867,yes,no,cellular,10,nov,266,2,3,failure,1,92,1,0,0.084109806,0
29,housemaid,single,tertiary,no,2196,no,no,cellular,5,aug,215,1,0,unknown,0,0,1,0,0.084336974,0
35,unemployed,single,primary,no,68,no,no,cellular,3,jul,175,1,0,unknown,0,0,1,0,0.08599912,0
58,unknown,married,unknown,no,68,no,no,cellular,2,apr,268,1,0,unknown,0,0,1,0,0.086303726,0
29,technician,single,secondary,no,590,no,no,cellular,25,may,124,1,0,unknown,0,0,1,0,0.086396135,0
47,retired,married,primary,no,1374,no,yes,telephone,8,may,479,2,3,failure,1,359,1,0,0.086781725,0
58,entrepreneur,married,secondary,no,496,no,no,cellular,22,apr,132,1,0,unknown,0,0,1,0,0.08886936,0
60,technician,married,secondary,no,824,yes,no,cellular,9,feb,127,1,7,other,1,558,1,0,0.08941682,0
37,services,married,secondary,no,466,yes,yes,cellular,25,may,377,1,0,unknown,0,0,1,0,0.09064293,0
36,admin.,divorced,secondary,no,-811,yes,no,cellular,12,may,365,2,0,unknown,0,0,1,0,0.09266386,0
49,housemaid,married,primary,no,889,no,no,telephone,7,jul,388,1,0,unknown,0,0,1,0,0.095593624,0
31,management,divorced,tertiary,no,373,no,no,cellular,10,feb,132,6,0,unknown,0,0,1,0,0.0981296,0
38,admin.,married,secondary,no,47,yes,no,cellular,4,may,288,5,0,unknown,0,0,1,0,0.09935716,0
36,technician,married,tertiary,no,202,no,no,cellular,29,jan,313,1,3,failure,1,120,1,0,0.09978699,0
77,retired,married,primary,no,2590,no,no,telephone,13,nov,212,3,12,failure,1,277,1,0,0.10058461,0
53,blue-collar,married,secondary,no,6112,no,no,cellular,3,feb,211,1,0,unknown,0,0,1,0,0.10452445,0
27,student,single,tertiary,no,3733,yes,no,telephone,13,feb,299,6,0,unknown,0,0,1,0,0.10481583,0
19,student,single,primary,no,103,no,no,cellular,10,jul,104,2,0,unknown,0,0,1,0,0.10559516,0
33,technician,single,tertiary,no,149,yes,no,cellular,19,nov,424,2,1,other,1,182,1,0,0.107602045,0
32,student,single,tertiary,no,1138,no,no,telephone,10,feb,402,3,0,unknown,0,0,1,0,0.10784224,0
31,management,single,tertiary,no,825,yes,no,unknown,21,may,506,2,0,unknown,0,0,1,0,0.1078744,0
30,admin.,single,tertiary,no,305,no,no,cellular,4,feb,227,2,0,unknown,0,0,1,0,0.10855433,0
39,management,married,tertiary,no,2763,yes,no,unknown,2,jun,526,2,0,unknown,0,0,1,0,0.11222495,0
47,technician,married,tertiary,no,1694,no,yes,unknown,20,jun,560,3,0,unknown,0,0,1,0,0.1123418,0
42,management,married,tertiary,no,2187,yes,no,cellular,17,nov,525,3,0,unknown,0,0,1,0,0.11348757,0
35,housemaid,married,tertiary,no,1265,yes,no,cellular,15,may,326,5,4,failure,1,179,1,0,0.1166342,0
49,technician,single,secondary,no,-188,yes,yes,cellular,17,nov,454,1,0,unknown,0,0,1,0,0.116700985,0
38,management,single,tertiary,no,619,yes,no,unknown,6,jun,460,4,0,unknown,0,0,1,0,0.11688068,0
45,blue-collar,married,primary,yes,-443,yes,yes,cellular,20,apr,691,1,0,unknown,0,0,1,0,0.121225424,0
34,admin.,single,secondary,no,63,yes,no,cellular,17,apr,678,1,0,unknown,0,0,1,0,0.121717975,0
62,self-employed,divorced,secondary,no,0,yes,no,cellular,20,aug,158,1,0,unknown,0,0,1,0,0.1225859,0
47,management,married,secondary,no,2892,no,no,unknown,17,jun,556,1,0,unknown,0,0,1,0,0.123222575,0
44,blue-collar,single,primary,no,36,yes,no,cellular,15,may,551,1,2,failure,1,371,1,0,0.124537565,0
39,student,single,tertiary,no,2103,no,no,cellular,2,feb,588,1,0,unknown,0,0,1,0,0.12608312,0
57,retired,divorced,primary,no,720,no,no,telephone,17,feb,202,4,0,unknown,0,0,1,0,0.12823962,0
28,admin.,divorced,secondary,no,451,yes,no,cellular,13,may,302,1,1,success,1,301,1,0,0.12960514,0
78,retired,divorced,primary,no,229,no,no,telephone,22,oct,97,1,0,unknown,0,0,1,0,0.13259637,0
34,technician,single,tertiary,no,925,yes,no,cellular,13,apr,709,1,0,unknown,0,0,1,0,0.13348669,0
26,management,single,tertiary,no,114,yes,no,cellular,7,may,457,1,0,unknown,0,0,1,0,0.13374045,0
43,technician,married,tertiary,no,2643,no,no,telephone,4,may,331,5,0,unknown,0,0,1,0,0.13496183,0
47,blue-collar,married,secondary,no,1730,yes,no,cellular,30,apr,231,1,0,unknown,0,0,1,0,0.13511789,0
52,retired,divorced,primary,no,-779,yes,yes,cellular,17,apr,709,1,0,unknown,0,0,1,0,0.13792816,0
35,entrepreneur,married,secondary,no,2971,no,no,cellular,4,may,429,4,2,failure,1,164,1,0,0.14047082,0
36,student,single,unknown,no,417,no,no,cellular,10,feb,151,1,0,unknown,0,0,1,0,0.14236382,0
53,retired,married,secondary,no,665,yes,no,cellular,22,apr,371,2,0,unknown,0,0,1,0,0.14251111,0
34,management,single,tertiary,no,1228,no,no,cellular,5,feb,263,8,0,unknown,0,0,1,0,0.14346227,0
30,admin.,married,secondary,no,4457,yes,no,cellular,21,nov,566,4,0,unknown,0,0,1,0,0.14368637,0
39,self-employed,married,tertiary,no,-3058,yes,yes,cellular,17,apr,882,3,0,unknown,0,0,1,0,0.14473148,0
30,blue-collar,single,unknown,no,6281,no,no,cellular,21,apr,149,2,0,unknown,0,0,1,0,0.14821254,0
60,retired,divorced,secondary,no,1091,no,no,cellular,30,jul,441,5,0,unknown,0,0,1,0,0.1486618,0
26,management,single,tertiary,no,170,no,no,cellular,15,jun,129,1,0,unknown,0,0,1,0,0.1492041,0
67,housemaid,divorced,secondary,no,5275,no,no,cellular,13,aug,222,4,0,unknown,0,0,1,0,0.15029725,0
30,services,single,secondary,no,-158,yes,no,cellular,12,may,426,1,2,failure,1,370,1,0,0.15119447,0
43,management,married,tertiary,no,240,yes,no,cellular,16,apr,453,1,0,unknown,0,0,1,0,0.15153903,0
24,admin.,single,tertiary,no,-61,no,no,cellular,11,mar,95,4,0,unknown,0,0,1,0,0.1525186,0
28,admin.,single,secondary,no,352,yes,yes,cellular,18,may,431,1,0,unknown,0,0,1,0,0.15934715,0
71,retired,married,primary,no,2988,no,no,telephone,17,apr,130,1,0,unknown,0,0,1,0,0.16148578,0
32,services,single,secondary,no,1168,yes,no,cellular,16,nov,411,1,0,unknown,0,0,1,0,0.16186751,0
31,technician,married,secondary,no,4182,yes,no,cellular,4,may,347,2,0,unknown,0,0,1,0,0.16214968,0
54,self-employed,divorced,primary,no,351,yes,no,unknown,6,jun,642,2,0,unknown,0,0,1,0,0.16357182,0
61,technician,married,secondary,no,1191,no,no,cellular,21,may,214,4,0,unknown,0,0,1,0,0.163823,0
40,blue-collar,married,unknown,no,87,yes,no,cellular,13,may,477,3,0,unknown,0,0,1,0,0.16391315,0
26,admin.,married,secondary,no,1595,no,no,cellular,15,jun,155,1,1,failure,1,105,1,0,0.16456154,0
36,technician,married,tertiary,no,376,no,no,cellular,16,sep,173,1,0,unknown,0,0,1,0,0.1649276,0
50,management,married,tertiary,no,414,yes,no,cellular,3,apr,707,1,3,failure,1,302,1,0,0.16508529,0
26,management,single,tertiary,no,390,no,no,cellular,7,aug,325,1,0,unknown,0,0,1,0,0.16521586,0
57,blue-collar,married,unknown,no,3585,no,no,telephone,14,nov,172,1,0,unknown,0,0,1,0,0.16952826,0
26,entrepreneur,single,secondary,no,101,yes,no,cellular,5,feb,810,1,1,failure,1,268,1,0,0.17114455,0
43,blue-collar,single,primary,no,-399,no,yes,cellular,28,jul,662,3,0,unknown,0,0,1,0,0.17216745,0
39,admin.,married,secondary,no,260,yes,no,cellular,11,aug,175,2,2,failure,1,116,1,0,0.17669365,0
36,management,divorced,tertiary,no,1057,no,no,cellular,19,jul,230,2,2,failure,1,164,1,0,0.17790672,0
32,services,single,secondary,no,3993,no,no,cellular,22,may,148,2,0,unknown,0,0,1,0,0.1808762,0
33,services,single,tertiary,no,-452,no,no,cellular,29,jan,692,2,0,unknown,0,0,1,0,0.18550931,0
31,management,single,tertiary,no,4718,yes,no,cellular,21,nov,536,1,0,unknown,0,0,1,0,0.1866798,0
24,blue-collar,married,secondary,no,272,no,no,cellular,16,nov,105,2,2,success,1,94,1,0,0.1870634,0
39,technician,married,secondary,no,603,no,yes,cellular,15,apr,214,1,0,unknown,0,0,1,0,0.1913176,0
37,technician,married,unknown,no,189,no,no,cellular,16,jun,162,2,0,unknown,0,0,1,0,0.19568634,0
46,services,married,secondary,no,4,no,no,cellular,30,apr,268,1,5,other,1,261,1,0,0.20200841,0
25,services,single,tertiary,no,12,no,no,cellular,12,jun,126,6,0,unknown,0,0,1,0,0.2053145,0
39,admin.,single,tertiary,no,22086,no,no,cellular,4,jun,160,1,0,unknown,0,0,1,0,0.20539355,0
44,technician,married,secondary,no,2776,yes,no,cellular,27,jan,701,1,0,unknown,0,0,1,0,0.206677,0
62,retired,married,secondary,no,1495,no,no,cellular,2,feb,265,1,0,unknown,0,0,1,0,0.20903905,0
46,blue-collar,married,secondary,no,640,yes,no,cellular,11,sep,108,2,2,failure,1,129,1,0,0.21033512,0
55,admin.,married,secondary,no,1662,no,no,cellular,4,jun,94,2,0,unknown,0,0,1,0,0.21130064,0
74,retired,married,secondary,no,935,no,no,cellular,5,may,226,1,2,failure,1,99,1,0,0.2120308,0
39,services,married,secondary,no,53,no,no,unknown,5,mar,257,1,1,failure,1,394,1,0,0.21376911,0
34,management,single,tertiary,no,275,no,no,cellular,2,aug,196,2,23,other,1,455,1,0,0.213812,0
52,technician,married,tertiary,no,2557,no,no,cellular,28,jan,134,5,2,success,1,204,1,0,0.2138469,0
37,admin.,married,secondary,no,0,yes,no,cellular,2,jun,107,1,0,unknown,0,0,1,0,0.21897732,0
39,entrepreneur,married,secondary,no,2139,yes,no,cellular,15,may,576,4,1,failure,1,371,1,0,0.21977977,0
60,retired,divorced,secondary,no,514,no,no,cellular,15,oct,187,2,10,success,1,213,1,0,0.22128025,0
30,admin.,single,secondary,no,-213,yes,yes,unknown,27,may,751,1,0,unknown,0,0,1,0,0.22258966,0
32,self-employed,single,tertiary,no,386,yes,no,cellular,18,nov,482,1,0,unknown,0,0,1,0,0.22325858,0
76,housemaid,divorced,primary,no,1411,no,no,telephone,19,oct,233,2,3,success,1,187,1,0,0.22356859,0
35,technician,single,secondary,no,354,no,no,cellular,11,aug,444,3,0,unknown,0,0,1,0,0.22508006,0
31,technician,divorced,tertiary,no,0,no,no,cellular,27,aug,581,6,0,unknown,0,0,1,0,0.22565283,0
56,technician,married,secondary,no,589,yes,no,unknown,29,may,535,2,0,unknown,0,0,1,0,0.22655156,0
29,self-employed,married,secondary,no,123,no,yes,cellular,21,apr,158,2,1,success,1,181,1,0,0.22655971,0
43,management,divorced,secondary,no,51,no,no,cellular,2,feb,430,1,0,unknown,0,0,1,0,0.2266976,0
41,self-employed,married,tertiary,no,0,yes,no,telephone,29,apr,395,3,1,other,1,426,1,0,0.23242846,0
35,blue-collar,married,unknown,no,4822,yes,no,unknown,20,may,843,2,0,unknown,0,0,1,0,0.23353986,0
66,housemaid,married,primary,no,40,no,no,telephone,14,oct,290,2,0,unknown,0,0,1,0,0.23492178,0
45,self-employed,divorced,tertiary,no,963,yes,no,cellular,12,may,528,5,0,unknown,0,0,1,0,0.23986897,0
42,technician,divorced,secondary,no,214,no,no,cellular,16,apr,127,1,0,unknown,0,0,1,0,0.24150759,0
66,retired,married,secondary,no,2048,no,no,cellular,27,aug,212,1,0,unknown,0,0,1,0,0.24228385,0
34,admin.,married,secondary,no,155,no,no,cellular,5,feb,696,2,0,unknown,0,0,1,0,0.25009465,0
38,technician,married,tertiary,no,206,no,no,cellular,8,apr,350,2,0,unknown,0,0,1,0,0.25089377,0
29,management,single,tertiary,no,265,no,no,cellular,24,aug,130,2,1,success,1,94,1,0,0.2520292,0
35,blue-collar,divorced,primary,no,1792,yes,no,cellular,31,jul,630,6,0,unknown,0,0,1,0,0.25224847,0
33,management,single,tertiary,no,432,no,no,telephone,20,aug,588,6,0,unknown,0,0,1,0,0.25261894,0
31,management,divorced,tertiary,no,883,yes,no,cellular,5,mar,112,2,1,failure,1,106,1,0,0.25498202,0
41,services,divorced,secondary,no,840,yes,no,cellular,2,feb,938,1,0,unknown,0,0,1,0,0.25555822,0
25,technician,single,secondary,no,505,no,yes,cellular,17,nov,386,2,0,unknown,0,0,1,0,0.257092,0
29,technician,single,tertiary,no,615,yes,no,cellular,18,may,373,1,0,unknown,0,0,1,0,0.25780705,0
36,management,married,tertiary,no,849,yes,yes,unknown,21,may,958,2,0,unknown,0,0,1,0,0.25791267,0
28,student,single,secondary,no,2351,no,no,telephone,22,oct,157,1,0,unknown,0,0,1,0,0.2580468,0
60,admin.,married,secondary,no,12980,no,no,cellular,5,mar,115,1,0,unknown,0,0,1,0,0.25820056,0
37,management,single,tertiary,no,72,yes,yes,cellular,20,apr,885,5,7,failure,1,150,1,0,0.25887245,0
59,retired,married,secondary,no,1521,yes,yes,unknown,14,may,1125,2,0,unknown,0,0,1,0,0.25989932,0
32,management,married,tertiary,no,8929,no,no,cellular,11,mar,126,1,0,unknown,0,0,1,0,0.26087084,0
44,blue-collar,married,primary,no,1265,yes,no,cellular,16,jul,555,1,0,unknown,0,0,1,0,0.26195532,0
41,blue-collar,married,secondary,no,5517,yes,no,cellular,10,jul,584,1,0,unknown,0,0,1,0,0.263262,0
37,management,single,tertiary,no,3141,no,no,cellular,4,may,384,2,0,unknown,0,0,1,0,0.26394776,0
77,retired,married,primary,no,2590,no,no,telephone,12,aug,345,1,20,failure,1,178,1,0,0.2654402,0
35,management,married,tertiary,no,82,no,no,cellular,8,aug,507,4,0,unknown,0,0,1,0,0.2664783,0
61,admin.,married,unknown,no,4629,yes,no,cellular,27,jan,181,1,1,success,1,92,1,0,0.26787353,0
49,blue-collar,married,secondary,no,1946,no,no,cellular,16,jul,486,1,0,unknown,0,0,1,0,0.2742884,0
27,technician,single,tertiary,no,393,no,no,cellular,1,apr,165,2,0,unknown,0,0,1,0,0.27784407,0
60,retired,married,primary,no,1542,yes,no,unknown,14,may,930,1,0,unknown,0,0,1,0,0.27907446,0
26,self-employed,single,tertiary,no,2857,no,no,cellular,3,jul,446,1,0,unknown,0,0,1,0,0.28044719,0
22,student,single,secondary,no,185,no,no,cellular,8,jul,153,1,0,unknown,0,0,1,0,0.28055137,0
32,management,single,tertiary,no,311,no,no,unknown,12,may,757,2,0,unknown,0,0,1,0,0.28093433,0
41,blue-collar,divorced,primary,no,0,no,no,cellular,30,jul,509,2,0,unknown,0,0,1,0,0.2835493,0
55,housemaid,married,unknown,no,366,no,no,cellular,5,jun,365,3,2,other,1,57,1,0,0.2847414,0
27,student,single,tertiary,no,5291,no,no,cellular,12,nov,192,2,2,failure,1,92,1,0,0.28502834,0
40,self-employed,married,secondary,no,0,yes,no,cellular,11,may,657,1,0,unknown,0,0,1,0,0.2852797,0
44,technician,divorced,secondary,no,1262,yes,no,unknown,26,may,788,11,0,unknown,0,0,1,0,0.28575742,0
66,retired,married,secondary,no,203,no,no,cellular,7,jul,376,1,0,unknown,0,0,1,0,0.28613427,0
32,self-employed,single,tertiary,no,0,yes,no,cellular,6,may,767,1,0,unknown,0,0,1,0,0.28620496,0
52,technician,married,secondary,no,0,yes,no,cellular,7,sep,211,1,1,failure,1,294,1,0,0.29159978,0
50,management,married,tertiary,no,346,no,no,cellular,6,feb,178,1,0,unknown,0,0,1,0,0.29404372,0
41,services,divorced,tertiary,no,1583,yes,no,cellular,9,jul,662,1,0,unknown,0,0,1,0,0.29414502,0
57,management,married,tertiary,no,372,no,no,cellular,21,nov,553,3,0,unknown,0,0,1,0,0.29434827,0
25,blue-collar,single,secondary,no,1857,yes,no,cellular,12,oct,187,1,12,success,1,91,1,0,0.29503578,0
58,services,divorced,secondary,no,462,no,no,cellular,12,aug,332,1,0,unknown,0,0,1,0,0.2958505,0
57,housemaid,married,tertiary,no,2326,no,no,cellular,17,apr,378,1,0,unknown,0,0,1,0,0.2980922,0
32,student,married,secondary,no,1536,no,no,cellular,7,aug,289,2,0,unknown,0,0,1,0,0.30210543,0
42,unemployed,married,unknown,no,970,yes,no,telephone,21,jul,691,10,0,unknown,0,0,1,0,0.30245107,0
54,admin.,married,secondary,no,0,no,no,cellular,27,jan,565,1,0,unknown,0,0,1,0,0.30261222,0
52,technician,divorced,secondary,no,1005,yes,no,cellular,2,jun,195,1,0,unknown,0,0,1,0,0.30292344,0
47,management,married,tertiary,no,3505,no,no,cellular,17,nov,434,2,0,unknown,0,0,1,0,0.30356452,0
59,blue-collar,married,primary,no,320,yes,no,unknown,15,may,695,1,0,unknown,0,0,1,0,0.30464733,0
31,self-employed,single,tertiary,no,1657,yes,yes,cellular,28,jan,872,1,0,unknown,0,0,1,0,0.30603376,0
54,services,single,secondary,no,0,no,no,cellular,23,sep,209,1,0,unknown,0,0,1,0,0.30741888,0
24,management,single,tertiary,no,507,no,no,cellular,3,jul,257,1,0,unknown,0,0,1,0,0.31014776,0
43,entrepreneur,married,secondary,no,104,yes,no,cellular,18,jul,635,3,0,unknown,0,0,1,0,0.31074378,0
43,management,married,tertiary,no,149,yes,no,unknown,23,jun,662,2,0,unknown,0,0,1,0,0.31523773,0
29,housemaid,single,tertiary,no,19,no,no,cellular,4,may,268,1,4,success,1,88,1,0,0.31570005,0
60,unemployed,married,secondary,no,1047,no,no,cellular,27,may,173,3,4,success,1,279,1,0,0.31607127,0
37,management,married,tertiary,no,57,no,no,cellular,5,feb,345,1,0,unknown,0,0,1,0,0.31613374,0
51,unemployed,divorced,tertiary,no,0,no,no,cellular,31,jul,574,2,0,unknown,0,0,1,0,0.31696445,0
32,technician,married,secondary,no,484,yes,no,cellular,15,feb,83,6,3,success,1,187,1,0,0.31986007,0
41,management,married,tertiary,no,0,yes,no,cellular,18,nov,897,3,0,unknown,0,0,1,0,0.32023627,0
34,management,married,tertiary,no,273,yes,no,cellular,14,may,492,1,2,failure,1,175,1,0,0.32038277,0
38,technician,married,secondary,no,318,no,no,cellular,4,feb,383,1,5,failure,1,181,1,0,0.3220058,0
33,services,single,unknown,no,2297,no,no,cellular,27,jul,527,1,0,unknown,0,0,1,0,0.3266852,0
63,management,married,tertiary,no,5112,no,no,telephone,13,nov,2184,2,3,failure,1,95,1,0,0.32750157,0
37,blue-collar,married,primary,no,-106,yes,yes,cellular,12,may,690,1,0,unknown,0,0,1,0,0.32780886,0
30,admin.,single,secondary,no,69,yes,no,cellular,17,apr,997,1,0,unknown,0,0,1,0,0.3278404,0
32,management,single,tertiary,no,2465,no,no,cellular,13,aug,414,1,0,unknown,0,0,1,0,0.32792842,0
41,management,single,tertiary,no,1982,no,no,cellular,21,nov,558,1,0,unknown,0,0,1,0,0.32964438,0
37,housemaid,single,secondary,no,465,yes,no,cellular,18,may,899,3,0,unknown,0,0,1,0,0.3316712,0
31,technician,single,tertiary,no,985,yes,no,cellular,17,apr,997,1,2,failure,1,57,1,0,0.33179328,0
41,services,married,secondary,no,0,yes,yes,cellular,4,jun,352,2,2,failure,1,122,1,0,0.33200455,0
44,management,married,primary,no,4758,yes,no,cellular,22,jul,712,6,0,unknown,0,0,1,0,0.33502176,0
33,management,married,tertiary,no,1047,no,no,cellular,8,aug,512,4,0,unknown,0,0,1,0,0.33655906,0
43,admin.,married,secondary,no,132,no,no,cellular,27,may,187,2,1,success,1,71,1,0,0.33757025,0
46,entrepreneur,divorced,secondary,no,-563,no,yes,cellular,15,jul,769,4,0,unknown,0,0,1,0,0.33876222,0
42,services,married,tertiary,no,4216,no,no,cellular,12,jun,186,2,0,unknown,0,0,1,0,0.3388901,0
31,blue-collar,married,secondary,no,0,yes,no,unknown,10,aug,97,1,1,other,1,782,1,0,0.33909744,0
35,technician,single,secondary,no,3490,yes,no,cellular,29,aug,643,2,0,unknown,0,0,1,0,0.3409945,0
52,services,married,primary,no,306,yes,no,cellular,13,may,650,5,0,unknown,0,0,1,0,0.3411198,0
30,management,divorced,tertiary,no,415,yes,yes,cellular,6,may,984,1,4,failure,1,343,1,0,0.34336787,0
38,technician,divorced,secondary,no,902,yes,no,cellular,4,may,301,3,1,success,1,90,1,0,0.34353566,0
34,services,single,secondary,no,528,yes,no,cellular,2,sep,121,3,5,other,1,100,1,0,0.3448792,0
30,management,married,secondary,no,850,no,no,cellular,12,aug,507,2,0,unknown,0,0,1,0,0.34490272,0
22,admin.,single,secondary,no,372,no,no,cellular,6,oct,218,1,0,unknown,0,0,1,0,0.34638563,0
32,services,married,secondary,no,1273,yes,no,cellular,16,apr,1365,2,1,failure,1,328,1,0,0.34648374,0
26,technician,single,secondary,no,941,no,yes,cellular,25,jul,784,1,0,unknown,0,0,1,0,0.34784406,0
49,management,married,tertiary,no,0,no,no,telephone,17,oct,223,1,0,unknown,0,0,1,0,0.35010162,0
39,blue-collar,married,primary,no,118,no,no,cellular,3,feb,906,1,0,unknown,0,0,1,0,0.3505262,0
55,blue-collar,married,secondary,no,0,no,no,unknown,12,jun,614,2,0,unknown,0,0,1,0,0.35236868,0
47,blue-collar,married,secondary,no,2787,no,no,cellular,11,aug,479,1,0,unknown,0,0,1,0,0.35269514,0
58,blue-collar,married,primary,no,5188,yes,no,cellular,25,aug,606,6,0,unknown,0,0,1,0,0.3533285,0
45,admin.,divorced,secondary,no,-176,no,yes,cellular,7,jul,574,1,0,unknown,0,0,1,0,0.35472342,0
25,blue-collar,single,secondary,no,217,yes,no,cellular,18,may,504,1,0,unknown,0,0,1,0,0.35520145,0
59,admin.,married,secondary,no,2343,yes,no,unknown,5,may,1042,1,0,unknown,0,0,1,0,0.3552333,0
25,student,married,tertiary,no,10,yes,no,cellular,21,jul,857,4,0,unknown,0,0,1,0,0.35549936,0
33,technician,married,secondary,no,557,no,no,cellular,4,may,367,1,0,unknown,0,0,1,0,0.35723028,0
43,blue-collar,married,primary,no,3917,no,no,cellular,2,mar,154,1,0,unknown,0,0,1,0,0.3579242,0
67,retired,married,unknown,no,2540,no,no,telephone,14,jun,278,5,4,other,1,116,1,0,0.3600307,0
22,student,single,unknown,no,1215,no,no,cellular,19,feb,145,3,1,failure,1,192,1,0,0.3604661,0
59,management,married,tertiary,no,1,yes,no,cellular,29,apr,210,1,0,unknown,0,0,1,0,0.3610025,0
59,retired,married,tertiary,no,422,yes,no,cellular,14,may,647,4,0,unknown,0,0,1,0,0.361085,0
42,technician,married,tertiary,no,14282,yes,no,cellular,6,aug,649,4,0,unknown,0,0,1,0,0.3624628,0
59,services,married,secondary,no,-22,yes,no,unknown,26,may,748,3,0,unknown,0,0,1,0,0.3649191,0
42,technician,married,tertiary,no,757,no,no,cellular,10,feb,154,1,0,unknown,0,0,1,0,0.364936,0
24,student,single,secondary,no,382,no,no,cellular,13,nov,256,2,3,failure,1,92,1,0,0.36670196,0
49,technician,married,tertiary,no,1071,no,no,cellular,17,jun,169,1,0,unknown,0,0,1,0,0.3670171,0
30,services,single,secondary,no,495,yes,no,cellular,21,nov,641,1,0,unknown,0,0,1,0,0.36889172,0
28,technician,married,secondary,no,1086,yes,no,cellular,20,apr,1112,3,0,unknown,0,0,1,0,0.3696652,0
35,technician,single,tertiary,no,0,no,no,cellular,14,jan,187,7,0,unknown,0,0,1,0,0.37416947,0
34,technician,single,tertiary,no,2733,no,no,cellular,14,jul,604,1,0,unknown,0,0,1,0,0.37429467,0
65,retired,married,tertiary,no,1973,no,no,telephone,21,apr,396,3,0,unknown,0,0,1,0,0.37519228,0
32,technician,single,secondary,no,116,yes,no,cellular,20,aug,718,2,0,unknown,0,0,1,0,0.37804046,0
36,management,married,tertiary,no,96,no,no,cellular,30,jul,729,4,0,unknown,0,0,1,0,0.37812275,0
32,services,single,tertiary,no,945,no,no,cellular,20,nov,531,1,0,unknown,0,0,1,0,0.37832835,0
31,unemployed,married,secondary,no,6,no,no,cellular,4,jun,121,4,0,unknown,0,0,1,0,0.37884915,0
23,student,single,tertiary,no,0,no,no,cellular,10,aug,213,1,0,unknown,0,0,1,0,0.37885216,0
76,retired,married,secondary,no,820,no,no,telephone,23,apr,263,4,0,unknown,0,0,1,0,0.38069847,0
32,technician,married,secondary,no,696,yes,no,unknown,2,jun,815,1,0,unknown,0,0,1,0,0.38135245,0
58,retired,married,primary,no,4158,no,no,cellular,13,aug,455,2,0,unknown,0,0,1,0,0.3821106,0
32,blue-collar,married,secondary,no,783,yes,no,unknown,21,may,923,3,0,unknown,0,0,1,0,0.38354257,0
34,self-employed,married,tertiary,no,0,no,no,cellular,28,aug,730,11,0,unknown,0,0,1,0,0.3859364,0
39,management,married,tertiary,no,1738,yes,no,cellular,14,may,633,1,1,other,1,358,1,0,0.38676897,0
22,management,single,tertiary,no,104,no,yes,cellular,16,apr,330,3,0,unknown,0,0,1,0,0.38681945,0
32,management,single,tertiary,no,769,no,no,cellular,29,aug,695,2,0,unknown,0,0,1,0,0.38781828,0
47,blue-collar,married,primary,no,2749,yes,no,cellular,30,apr,774,2,1,failure,1,164,1,0,0.38795468,0
33,management,married,tertiary,no,271,yes,no,cellular,14,aug,801,2,0,unknown,0,0,1,0,0.38821217,0
30,blue-collar,married,secondary,no,378,yes,no,cellular,14,may,566,2,0,unknown,0,0,1,0,0.38875034,0
51,blue-collar,married,primary,no,129,yes,no,cellular,15,may,611,2,0,unknown,0,0,1,0,0.39042673,0
34,admin.,married,secondary,no,124,yes,no,telephone,14,may,604,4,2,other,1,366,1,0,0.3905482,0
36,blue-collar,married,secondary,no,274,yes,no,unknown,16,jun,686,11,0,unknown,0,0,1,0,0.39098513,0
59,retired,single,secondary,no,2,no,no,telephone,2,feb,935,1,0,unknown,0,0,1,0,0.39234373,0
43,admin.,married,secondary,no,378,no,no,cellular,30,jul,782,8,0,unknown,0,0,1,0,0.39367777,0
52,technician,married,tertiary,no,876,no,no,cellular,4,may,601,3,0,unknown,0,0,1,0,0.3940651,0
83,retired,divorced,primary,no,46,no,no,cellular,25,mar,115,1,0,unknown,0,0,1,0,0.39572707,0
34,blue-collar,married,primary,no,695,yes,yes,unknown,16,may,1064,4,0,unknown,0,0,1,0,0.39594534,0
40,services,married,secondary,no,-192,yes,no,cellular,11,may,666,1,0,unknown,0,0,1,0,0.39730555,0
53,management,divorced,tertiary,no,50,yes,no,cellular,15,may,669,1,3,failure,1,337,1,0,0.3975713,0
37,management,divorced,tertiary,no,-42,yes,no,cellular,14,may,668,2,0,unknown,0,0,1,0,0.3979535,0
26,technician,single,secondary,no,181,no,no,cellular,20,apr,158,2,0,unknown,0,0,1,0,0.39823586,0
92,retired,married,unknown,no,775,no,no,cellular,22,oct,313,3,0,unknown,0,0,1,0,0.39890596,0
56,management,married,primary,no,870,no,no,cellular,14,may,220,1,1,success,1,179,1,0,0.3990696,0
34,blue-collar,married,secondary,no,262,no,no,cellular,15,sep,89,2,1,success,1,106,1,0,0.3992917,0
36,management,married,tertiary,no,495,no,no,cellular,5,aug,157,3,2,success,1,97,1,0,0.3998059,0
21,student,single,secondary,no,123,no,no,telephone,12,aug,449,1,0,unknown,0,0,1,0,0.39990136,0
27,technician,single,tertiary,no,372,yes,yes,cellular,25,jul,728,2,0,unknown,0,0,1,0,0.40153626,0
58,unemployed,married,primary,no,1183,no,no,cellular,31,jul,1721,5,0,unknown,0,0,1,0,0.4032001,0
43,management,divorced,tertiary,no,580,yes,no,cellular,11,may,1514,1,2,failure,1,284,1,0,0.4035306,0
59,retired,married,unknown,no,1033,no,no,unknown,11,jun,1199,1,0,unknown,0,0,1,0,0.40409404,0
43,technician,married,secondary,no,3288,yes,no,cellular,21,nov,775,3,0,unknown,0,0,1,0,0.40440103,0
46,management,divorced,secondary,no,0,no,no,cellular,27,aug,763,5,0,unknown,0,0,1,0,0.4048814,0
32,admin.,married,secondary,no,1604,no,yes,cellular,7,jul,625,1,0,unknown,0,0,1,0,0.404985,0
55,retired,married,primary,no,3334,no,no,cellular,14,aug,632,4,0,unknown,0,0,1,0,0.4060611,0
38,technician,married,secondary,no,976,yes,no,cellular,14,jul,766,3,0,unknown,0,0,1,0,0.40645498,0
20,student,single,unknown,no,829,no,no,cellular,9,jul,253,2,0,unknown,0,0,1,0,0.40777728,0
36,self-employed,single,tertiary,no,4844,no,no,unknown,9,jun,1137,3,0,unknown,0,0,1,0,0.40977573,0
34,management,single,tertiary,no,2159,no,no,unknown,18,feb,386,1,0,unknown,0,0,1,0,0.41018066,0
41,blue-collar,married,secondary,no,-190,no,yes,cellular,29,jul,808,3,0,unknown,0,0,1,0,0.4105316,0
36,blue-collar,married,secondary,no,1165,yes,no,unknown,13,may,1001,4,0,unknown,0,0,1,0,0.4107355,0
26,student,single,secondary,no,620,no,no,cellular,17,feb,104,1,0,unknown,0,0,1,0,0.41197804,0
57,blue-collar,married,secondary,no,1540,yes,no,cellular,17,nov,564,1,0,unknown,0,0,1,0,0.41237742,0
33,management,married,secondary,no,336,no,no,cellular,15,apr,179,3,0,unknown,0,0,1,0,0.4127276,0
25,admin.,married,tertiary,no,906,no,no,cellular,26,may,253,1,0,unknown,0,0,1,0,0.41362196,0
48,blue-collar,married,secondary,no,480,yes,no,cellular,15,may,830,1,2,failure,1,352,1,0,0.4162167,0
72,retired,married,primary,no,763,no,no,cellular,24,apr,384,2,0,unknown,0,0,1,0,0.419025,0
55,unemployed,divorced,secondary,no,387,yes,no,unknown,6,may,918,1,0,unknown,0,0,1,0,0.4194045,0
55,housemaid,married,primary,no,2152,no,no,unknown,19,jun,922,2,0,unknown,0,0,1,0,0.42042676,0
83,retired,married,primary,no,425,no,no,telephone,22,jun,883,1,1,failure,1,140,1,0,0.42121813,0
33,technician,married,secondary,no,221,yes,no,cellular,13,may,669,1,4,failure,1,355,1,0,0.42132592,0
60,retired,married,tertiary,no,846,no,no,telephone,26,may,1346,1,0,unknown,0,0,1,0,0.423429,0
29,management,married,tertiary,no,10576,no,no,unknown,15,may,1224,2,0,unknown,0,0,1,0,0.42431673,0
36,blue-collar,married,secondary,no,218,yes,no,cellular,4,may,619,6,0,unknown,0,0,1,0,0.4246705,0
28,student,single,secondary,no,1377,yes,no,cellular,14,may,688,2,0,unknown,0,0,1,0,0.4254,0
25,management,married,tertiary,no,-242,yes,yes,cellular,18,may,600,4,4,other,1,332,1,0,0.42823192,0
51,entrepreneur,married,secondary,no,-799,no,yes,cellular,15,jul,1001,3,0,unknown,0,0,1,0,0.42856523,0
74,retired,married,primary,no,1765,no,no,telephone,11,sep,290,2,0,unknown,0,0,1,0,0.42879933,0
27,technician,single,secondary,no,439,yes,no,cellular,15,apr,1038,2,0,unknown,0,0,1,0,0.42891252,0
49,management,married,tertiary,no,85,yes,no,cellular,14,may,590,5,1,other,1,359,1,0,0.42917052,0
58,retired,married,primary,no,565,no,no,telephone,7,jul,876,1,0,unknown,0,0,1,0,0.42919353,0
28,blue-collar,married,secondary,no,173,no,no,cellular,18,jul,588,7,0,unknown,0,0,1,0,0.43084183,0
36,management,single,unknown,no,62,no,no,cellular,13,apr,398,2,0,unknown,0,0,1,0,0.4311955,0
49,technician,married,tertiary,no,523,yes,no,cellular,3,mar,152,2,0,unknown,0,0,1,0,0.43144068,0
32,self-employed,divorced,tertiary,no,3271,no,no,cellular,4,may,949,3,0,unknown,0,0,1,0,0.43236232,0
54,blue-collar,divorced,primary,no,4401,no,no,telephone,13,may,414,1,2,success,1,183,1,0,0.43346962,0
36,technician,single,tertiary,no,197,no,no,cellular,30,apr,260,1,0,unknown,0,0,1,0,0.43427166,0
75,retired,married,secondary,no,291,no,no,cellular,11,feb,515,1,1,failure,1,183,1,0,0.4350497,0
56,technician,married,secondary,no,23,no,no,cellular,20,nov,857,3,0,unknown,0,0,1,0,0.43536454,0
50,self-employed,married,secondary,no,10052,no,no,cellular,13,aug,665,2,0,unknown,0,0,1,0,0.43835437,0
37,management,married,tertiary,no,3236,no,no,cellular,20,may,291,2,5,other,1,202,1,0,0.43971077,0
41,services,married,unknown,yes,-1,no,yes,cellular,30,jul,1171,4,0,unknown,0,0,1,0,0.44015467,0
30,student,single,secondary,no,2046,no,no,telephone,21,apr,595,3,1,failure,1,254,1,0,0.44112006,0
82,housemaid,divorced,primary,no,1381,no,no,cellular,28,jul,844,5,4,failure,1,181,1,0,0.44199014,0
55,management,divorced,tertiary,no,2037,no,no,cellular,2,nov,209,2,1,failure,1,273,1,0,0.44237357,0
59,blue-collar,married,primary,no,-546,no,no,cellular,25,aug,1152,6,0,unknown,0,0,1,0,0.44416663,0
57,retired,divorced,primary,no,63,no,yes,cellular,25,jul,1448,17,0,unknown,0,0,1,0,0.44426817,0
51,entrepreneur,married,primary,no,538,no,no,cellular,18,nov,1122,4,0,unknown,0,0,1,0,0.44463572,0
47,technician,married,secondary,no,3466,yes,no,cellular,11,jul,853,2,0,unknown,0,0,1,0,0.4461256,0
26,entrepreneur,single,tertiary,no,725,no,no,cellular,5,feb,1916,2,29,other,1,189,1,0,0.4463845,0
35,blue-collar,married,tertiary,no,2999,no,no,unknown,12,jun,1141,6,0,unknown,0,0,1,0,0.44645256,0
59,retired,married,secondary,no,2396,no,no,cellular,27,aug,1040,6,0,unknown,0,0,1,0,0.44738537,0
36,blue-collar,married,primary,no,408,yes,yes,unknown,20,may,1063,2,0,unknown,0,0,1,0,0.44762966,0
67,retired,married,unknown,no,2540,no,no,telephone,14,sep,279,3,9,success,1,92,1,0,0.44798917,0
38,student,single,tertiary,no,3316,no,no,unknown,17,jun,1345,3,0,unknown,0,0,1,0,0.44876105,0
50,admin.,married,secondary,no,2678,no,no,telephone,30,jul,1011,6,0,unknown,0,0,1,0,0.44918948,0
42,technician,divorced,tertiary,no,2611,yes,no,cellular,25,jun,300,1,3,failure,1,389,1,0,0.44919056,0
46,management,married,tertiary,no,273,yes,no,cellular,15,sep,1962,1,3,failure,1,105,1,0,0.45077035,0
73,retired,married,primary,no,253,no,no,cellular,20,apr,345,1,0,unknown,0,0,1,0,0.4518673,0
56,unemployed,single,primary,no,1110,no,no,cellular,4,feb,945,2,0,unknown,0,0,1,0,0.45242584,0
22,student,single,primary,no,3472,no,no,cellular,20,oct,332,1,3,failure,1,183,1,0,0.45343003,0
32,blue-collar,single,primary,no,121,yes,no,cellular,20,nov,758,1,0,unknown,0,0,1,0,0.45478225,0
67,retired,married,secondary,no,1146,no,no,cellular,13,nov,259,1,2,failure,1,92,1,0,0.45499855,0
29,self-employed,single,tertiary,no,3290,no,no,cellular,23,mar,136,1,2,success,1,291,1,0,0.4558152,0
26,technician,single,tertiary,no,1066,no,no,cellular,15,apr,200,1,0,unknown,0,0,1,0,0.45748278,0
68,retired,married,tertiary,no,2820,no,no,cellular,3,dec,154,1,2,failure,1,97,1,0,0.46015933,0
31,unemployed,divorced,primary,no,0,yes,no,unknown,30,may,745,12,0,unknown,0,0,1,0,0.46021676,0
50,blue-collar,married,primary,no,-522,yes,no,cellular,13,may,863,3,0,unknown,0,0,1,0,0.46176827,0
61,technician,divorced,secondary,no,6481,no,no,cellular,19,oct,131,1,0,unknown,0,0,1,0,0.46225923,0
27,student,single,secondary,no,253,no,no,cellular,25,may,242,2,0,unknown,0,0,1,0,0.4644256,0
37,entrepreneur,married,tertiary,no,189,no,no,cellular,2,jun,253,2,0,unknown,0,0,1,0,0.46487883,0
63,retired,married,secondary,no,1612,no,no,telephone,17,feb,233,2,0,unknown,0,0,1,0,0.4649507,0
67,retired,married,primary,no,1430,no,no,cellular,11,jan,499,2,3,failure,1,91,1,0,0.4657281,0
25,blue-collar,single,secondary,no,1857,yes,no,cellular,13,apr,295,4,6,success,1,187,1,0,0.46666712,0
53,technician,divorced,tertiary,no,2228,no,no,cellular,17,nov,890,1,0,unknown,0,0,1,0,0.4671064,0
51,blue-collar,married,secondary,no,7180,yes,no,unknown,14,may,927,1,0,unknown,0,0,1,0,0.46796575,0
56,housemaid,divorced,primary,yes,1238,no,no,unknown,5,jun,1558,1,0,unknown,0,0,1,0,0.46950498,0
47,blue-collar,married,secondary,no,863,yes,no,unknown,19,may,943,2,0,unknown,0,0,1,0,0.4695297,0
35,technician,married,secondary,no,2779,no,no,cellular,26,apr,182,2,2,success,1,186,1,0,0.46972322,0
64,retired,married,tertiary,no,846,no,no,cellular,11,feb,671,1,3,failure,1,181,1,0,0.4708214,0
47,blue-collar,married,secondary,no,1996,no,no,unknown,5,jun,761,2,0,unknown,0,0,1,0,0.47106388,0
43,management,married,tertiary,no,839,no,no,cellular,22,jul,942,1,0,unknown,0,0,1,0,0.4711655,0
39,management,divorced,tertiary,no,224,no,no,cellular,5,apr,208,1,0,unknown,0,0,1,0,0.47187614,0
35,blue-collar,married,secondary,no,1330,no,no,cellular,10,jul,901,1,0,unknown,0,0,1,0,0.47259778,0
37,admin.,married,tertiary,no,29,no,no,cellular,14,may,404,2,2,other,1,183,1,0,0.47284332,0
40,student,single,secondary,no,595,yes,no,cellular,3,jun,406,2,0,unknown,0,0,1,0,0.47413597,0
46,management,married,secondary,no,149,no,no,cellular,21,nov,1222,2,0,unknown,0,0,1,0,0.4746404,0
52,blue-collar,married,unknown,no,0,yes,no,cellular,9,jul,1486,1,0,unknown,0,0,1,0,0.4749505,0
25,unemployed,single,primary,no,129,no,no,cellular,12,apr,176,3,0,unknown,0,0,1,0,0.4752357,0
40,unemployed,divorced,secondary,no,1694,no,no,cellular,12,aug,473,6,0,unknown,0,0,1,0,0.47607043,0
60,retired,married,secondary,no,1690,no,no,unknown,20,jun,1467,4,0,unknown,0,0,1,0,0.4788737,0
35,blue-collar,married,secondary,no,205,yes,yes,cellular,15,may,1313,7,1,failure,1,312,1,0,0.48176175,0
25,student,single,primary,no,373,yes,no,cellular,11,may,819,2,0,unknown,0,0,1,0,0.48434627,0
60,retired,married,tertiary,no,108,no,no,cellular,26,aug,624,1,0,unknown,0,0,1,0,0.48491898,0
54,retired,married,primary,no,309,no,no,cellular,13,aug,969,2,0,unknown,0,0,1,0,0.48496026,0
60,admin.,married,tertiary,no,1614,no,no,cellular,20,aug,921,6,0,unknown,0,0,1,0,0.48629734,0
40,admin.,married,secondary,no,4775,no,no,cellular,15,sep,215,1,0,unknown,0,0,1,0,0.48642677,0
43,management,single,tertiary,no,483,no,no,cellular,19,aug,950,6,0,unknown,0,0,1,0,0.4865585,0
39,entrepreneur,married,tertiary,no,942,yes,no,cellular,14,aug,880,3,1,other,1,267,1,0,0.4866075,0
52,management,married,tertiary,no,3634,no,no,cellular,8,feb,341,8,0,unknown,0,0,1,0,0.48782215,0
49,management,married,tertiary,no,1311,yes,no,cellular,8,may,813,1,0,unknown,0,0,1,0,0.49028787,0
56,blue-collar,married,primary,no,0,yes,no,cellular,16,jul,1222,1,0,unknown,0,0,1,0,0.4909771,0
55,admin.,married,secondary,no,139,no,no,cellular,30,apr,241,1,0,unknown,0,0,1,0,0.49102098,0
32,self-employed,single,tertiary,no,2559,no,no,cellular,7,jul,889,1,0,unknown,0,0,1,0,0.49226183,0
62,management,married,tertiary,no,0,no,no,cellular,3,sep,299,1,0,unknown,0,0,1,0,0.49364674,0
62,retired,married,unknown,no,800,no,no,cellular,17,feb,737,1,0,unknown,0,0,1,0,0.49445853,0
47,management,single,tertiary,no,159,no,no,telephone,29,oct,220,3,3,other,1,155,1,0,0.4946733,0
60,management,married,tertiary,no,2222,yes,no,cellular,11,jul,1120,2,0,unknown,0,0,1,0,0.49499142,0
